[
  {"name": "Acacia", "address": "2750 Las Amigas Rd., Napa, CA", "phone": "(707) 226-9991", "region": "Napa Valley", "city": "Napa"},
  {"name": "Aetna Springs Cellars", "address": "7227 Pope Valley Rd., Pope Valley, CA", "phone": "(707) 965-2675", "region": "Napa Valley", "city": "Pope Valley"},
  {"name": "Altamura Winery", "address": "1700 Wooden Valley Road, Napa, CA", "phone": "(707) 253-2000", "region": "Napa Valley", "city": "Napa"},
  {"name": "Anderson's Conn Valley Vineyards", "address": "680 Rossi Rd., St. Helena, CA", "phone": "(707) 963-8600", "region": "Napa Valley", "city": "St. Helena"},
  {"name": "S. Anderson Vineyard", "address": "1473 Yountville Crossroad, Yountville, CA", "phone": "(707) 944-8642", "region": "Napa Valley", "city": "Yountville"},
  {"name": "Andretti Winery", "address": "4162 Big Ranch Rd., Napa, CA", "phone": "(707) 259-6777", "region": "Napa Valley", "city": "Napa"},
  {"name": "Araujo Estate Wines/Eisele Vineyard", "address": "2155 Picket Rd., Calistoga, CA", "phone": "(707) 942-6061", "region": "Napa Valley", "city": "Calistoga"},
  {"name": "Atlas Peak Vineyards", "address": "3700 Soda Canyon Rd., Napa, CA", "phone": "(707) 252-7971", "region": "Napa Valley", "city": "Napa"},
  {"name": "Arroyo Winery", "address": "2361 Greenwood Ave., Calistoga, CA", "phone": "(707) 942-6995", "region": "Napa Valley", "city": "Calistoga"},
  {"name": "Azalea Springs Wine Co.", "address": "Calistoga, CA", "phone": "(707) 942-4811", "region": "Napa Valley", "city": "Calistoga"},
  {"name": "Bayview Cellars", "address": "1150 Bayview Ave., Napa, CA", "phone": "(707) 255-8544", "region": "Napa Valley", "city": "Napa"},
  {"name": "Beaucanon Winery", "address": "1695 S. St. Helena Hwy., St. Helena, CA", "phone": "(707) 967-3520", "region": "Napa Valley", "city": "St. Helena"},
  {"name": "Beaulieu Vineyard", "address": "1960 St. Helena Hwy, Rutherford, CA", "phone": "(707) 967-5200", "region": "Napa Valley", "city": "Rutherford"},
  {"name": "Benessere Vineyards", "address": "1010 Big Tree Rd., St. Helena, CA", "phone": "(707) 963-5853", "region": "Napa Valley", "city": "St. Helena"},
  {"name": "Beringer Vineyards", "address": "2000 Main St., St. Helena, CA", "phone": "(707) 963-4812", "region": "Napa Valley", "city": "St. Helena"},
  {"name": "Bouchaine Vineyards", "address": "1075 Buchli Station Rd., Napa, CA", "phone": "(707) 252-9065", "region": "Napa Valley", "city": "Napa"},
  {"name": "Buehler Vineyards", "address": "820 Greenfield Rd., St. Helena, CA", "phone": "(707) 963-2155", "region": "Napa Valley", "city": "St. Helena"},
  {"name": "Burgess Cellars", "address": "1108 Deer Park Rd., St. Helena, CA", "phone": "(707) 963-4766", "region": "Napa Valley", "city": "St. Helena"},
  {"name": "Cafaro Cellars & Winery", "address": "1591 Dean York Lane, St. Helena, CA", "phone": "(707) 963-7181", "region": "Napa Valley", "city": "St. Helena"},
  {"name": "Cain Vineyard & Winery", "address": "3800 Langtry Road, St. Helena, CA", "phone": "(707) 963-1616", "region": "Napa Valley", "city": "St. Helena"},
  {"name": "Cakebread Cellars", "address": "8300 St Helena Hwy., Rutherford, CA", "phone": "(707) 963-5221", "region": "Napa Valley", "city": "Rutherford"},
  {"name": "Calafia Cellars", "address": "629 Fulton Ln., St. Helena, CA", "phone": "(707) 963-5221", "region": "Napa Valley", "city": "St. Helena"},
  {"name": "Carneros Alambic Distillery", "address": "1250 Cuttings Wharf Rd., Napa, CA", "phone": "(707) 253-9055", "region": "Napa Valley", "city": "Napa"},
  {"name": "Carneros Creek Winery", "address": "1285 Dealy Ln., Napa, CA", "phone": "(707) 253-9463", "region": "Napa Valley", "city": "Napa"},
  {"name": "Cartlidge & Browne Winery", "address": "3222 Ehlers Ln., St. Helena, CA", "phone": "(707) 963-3200", "region": "Napa Valley", "city": "St. Helena"},
  {"name": "Casa Nuestra Winery", "address": "3451 Silverado Trail N., St. Helena, CA", "phone": "(707) 963-5783", "region": "Napa Valley", "city": "St. Helena"},
  {"name": "Caymus Vineyards", "address": "P.O Box 268, Rutherford, CA", "phone": "(707) 967-3010", "region": "Napa Valley", "city": "Rutherford"},
  {"name": "Chappellet Vineyard", "address": "1581 Sage Canyon Rd., St. Helena, CA", "phone": "(707) 963-7136", "region": "Napa Valley", "city": "St. Helena"},
  {"name": "Charles Krug Winery", "address": "2800 St. Helena Hwy. N, St. Helena, CA", "phone": "(707) 967-2201", "region": "Napa Valley", "city": "St. Helena"},
  {"name": "Chateau Boswell", "address": "3468 Silverado Trail, St. Helena, CA", "phone": "(707) 963-5472", "region": "Napa Valley", "city": "St. Helena"},
  {"name": "Chateau Montelena Winery", "address": "1429 Tubbs Ln., Calistoga, CA", "phone": "(707) 942-5105", "region": "Napa Valley", "city": "Calistoga"},
  {"name": "Chateau Potelle", "address": "3875 Mount Veeder Rd., Napa, CA", "phone": "(707) 255-9440", "region": "Napa Valley", "city": "Napa"},
  {"name": "Chimney Rock Winery", "address": "5350 Silverado Trail, Napa, CA", "phone": "(800) 257-2641", "region": "Napa Valley", "city": "Napa"},
  {"name": "Christian Brothers Greystone Cellars", "address": "2555 Main St., St. Helena, CA", "phone": "(707) 963-4480", "region": "Napa Valley", "city": "St. Helena"},
  {"name": "Clos du Val Wine Co., Ltd.", "address": "5330 Silverado Trail, Napa, CA", "phone": "(707) 259-2200", "region": "Napa Valley", "city": "Napa"},
  {"name": "Clos Pegase Winery", "address": "1060 Dunaweal Ln., Calistoga, CA", "phone": "(707) 942-4981", "region": "Napa Valley", "city": "Calistoga"},
  {"name": "Codorniu Napa", "address": "1345 Henry Rd., Napa, CA", "phone": "(707) 224-1668", "region": "Napa Valley", "city": "Napa"},
  {"name": "Conn Creek Winery", "address": "8711 Silverado Trail, St. Helena, CA", "phone": "(707) 963-5133", "region": "Napa Valley", "city": "St. Helena"},
  {"name": "Corison Wines", "address": "St. Helena, CA", "phone": "(707) 963-0826", "region": "Napa Valley", "city": "St. Helena"},
  {"name": "Cosentino Winery", "address": "7415 St. Helena Hwy, Yountville, CA", "phone": "(707) 944-1220", "region": "Napa Valley", "city": "Yountville"},
  {"name": "Costello Vineyards Winery", "address": "1200 Orchard Ave., Napa, CA", "phone": "(707) 252-8483", "region": "Napa Valley", "city": "Napa"},
  {"name": "Crichton Hall", "address": "Napa, CA", "phone": "(707) 224-4200", "region": "Napa Valley", "city": "Napa"},
  {"name": "Dalla Valle Vineyards", "address": "7776 Silverado Trail, Yountville, CA", "phone": "(707) 944-2676", "region": "Napa Valley", "city": "Yountville"},
  {"name": "David Arthur Vineyards", "address": "1521 Sage Canyon Rd., St. Helena, CA", "phone": "(707) 963-5190", "region": "Napa Valley", "city": "St. Helena"},
  {"name": "Diamond Creek Vineyards", "address": "1500 Diamond Mountain. Rd., Calistoga, CA", "phone": "(707) 942-6926", "region": "Napa Valley", "city": "Calistoga"},
  {"name": "Diamond Mountain Vineyard", "address": "2121 Diamond Mountain Rd., Calistoga, CA", "phone": "(707) 942-0707", "region": "Napa Valley", "city": "Calistoga"},
  {"name": "Domaine Carneros", "address": "1240 Duhig Rd., Napa, CA", "phone": "(707) 257-0101", "region": "Napa Valley", "city": "Napa"},
  {"name": "Domaine Chandon", "address": "1 California Dr., Yountville, CA", "phone": "(707) 944-2280", "region": "Napa Valley", "city": "Yountville"},
  {"name": "Domaine Charbay Winery & Distillery", "address": "4001 Spring Mountain Rd., St. Helena, CA", "phone": "(707) 963-9327", "region": "Napa Valley", "city": "St. Helena"},
  {"name": "Domaine Filipe", "address": "5400 Old Sonoma Rd., Napa, CA", "phone": "(707) 255-5585", "region": "Napa Valley", "city": "Napa"},
  {"name": "Dominus Estate", "address": "2570 Napanook Rd., Yountville, CA", "phone": "(707) 944-8954", "region": "Napa Valley", "city": "Yountville"},
  {"name": "Duckhorn Vineyards", "address": "1000 Lodi Ln., St. Helena, CA", "phone": "(707) 963-7108", "region": "Napa Valley", "city": "St. Helena"},
  {"name": "Dunn Vineyards", "address": "805 White Cottage Rd. N, Angwin, CA", "phone": "(707) 965-3642", "region": "Napa Valley", "city": "Angwin"},
  {"name": "Dutch Henry Winery", "address": "4310 Silverado Trail, Calistoga, CA", "phone": "(707) 942-5771", "region": "Napa Valley", "city": "Calistoga"},
  {"name": "Edgewood Estate", "address": "401 S. St. Helena Hwy., St. Helena, CA", "phone": "(707) 963-7293", "region": "Napa Valley", "city": "St. Helena"},
  {"name": "Ehlers Grove Winery", "address": "3222 Ehlers Ln., St. Helena, CA", "phone": "(707) 963-3200", "region": "Napa Valley", "city": "St. Helena"},
  {"name": "Eisele Volkner Family Estate", "address": "3080 Lower Chiles Valley Rd., St. Helena, CA", "phone": "(707) 965-2260", "region": "Napa Valley", "city": "St. Helena"},
  {"name": "Elkhorn Peak Cellars", "address": "200 Polson Rd., Napa, CA", "phone": "(707) 255-0504", "region": "Napa Valley", "city": "Napa"},
  {"name": "Etude Wines", "address": "Napa, CA", "phone": "(707) 257-5300", "region": "Napa Valley", "city": "Napa"},
  {"name": "Flora Springs Wine Co.", "address": "1978 W. Zinfandel Ln., St. Helena, CA", "phone": "(707) 963-5711", "region": "Napa Valley", "city": "St. Helena"},
  {"name": "Folie a Deux", "address": "3070 N. St. Helena Hwy., St. Helena, CA", "phone": "(707) 963-1160", "region": "Napa Valley", "city": "St. Helena"},
  {"name": "Franciscan Oakville Estate", "address": "Hwy 29 at Galleron Rd, Rutherford, CA", "phone": "(707) 963-7111", "region": "Napa Valley", "city": "Rutherford"},
  {"name": "Freemark Abbey Winery", "address": "3022 N. St. Helena Hwy., St. Helena, CA", "phone": "(707) 963-9694", "region": "Napa Valley", "city": "St. Helena"},
  {"name": "Frisinger Cellars", "address": "2277 Dry Creek Rd., Napa, CA", "phone": "(707) 255-3749", "region": "Napa Valley", "city": "Napa"},
  {"name": "Frog's Leap Winery", "address": "8815 Conn Creek Rd., Rutherford, CA", "phone": "(707) 963-4704", "region": "Napa Valley", "city": "Rutherford"},
  {"name": "Girard Winery", "address": "7717 Silverado Trail, Oakville, CA", "phone": "(707) 944-8577", "region": "Napa Valley", "city": "Oakville"},
  {"name": "Goosecross Cellars", "address": "1119 State Ln., Yountville, CA", "phone": "(707) 944-1986", "region": "Napa Valley", "city": "Yountville"},
  {"name": "Grace Family Vineyards", "address": "1210 Rockland Rd., St. Helena, CA", "phone": "(707) 963-0808", "region": "Napa Valley", "city": "St. Helena"},
  {"name": "Grgich Hills Cellars", "address": "1829 St. Helena Hwy., Rutherford, CA", "phone": "(707) 963-2784", "region": "Napa Valley", "city": "Rutherford"},
  {"name": "Groth Vineyards & Winery", "address": "750 Oakville Cross Rd., Oakville, CA", "phone": "(707) 944-0290", "region": "Napa Valley", "city": "Oakville"},
  {"name": "Hakusan Sake Gardens", "address": "1 Executive Way, Napa, CA", "phone": "(707) 258-6160", "region": "Napa Valley", "city": "Napa"},
  {"name": "Harlan Estate", "address": "P.O. Box 352, Oakville, CA", "phone": "(707) 944-1441", "region": "Napa Valley", "city": "Oakville"},
  {"name": "Havens Wine Cellars", "address": "2055 Hoffman Lane, Yountville, CA", "phone": "(707) 945-0921", "region": "Napa Valley", "city": "Yountville"},
  {"name": "Heitz Wine Cellars", "address": "500 Taplin Rd., St Helena, CA", "phone": "(707) 963-3542", "region": "Napa Valley", "city": "St Helena"},
  {"name": "The Hess Collection Winery", "address": "4411 Redwood Rd., Napa, CA", "phone": "(707) 255-1144", "region": "Napa Valley", "city": "Napa"},
  {"name": "Hill & Thomas Wines", "address": "1085 Atlas Peak Rd., Napa, CA", "phone": "(707) 224-6565", "region": "Napa Valley", "city": "Napa"},
  {"name": "Honig Cellars", "address": "850 Rutherford Rd., Rutherford, CA", "phone": "(707) 963-5618", "region": "Napa Valley", "city": "Rutherford"},
  {"name": "Inglenook", "address": "1991 St. Helena Hwy., Rutherford, CA", "phone": "(707) 967-3300", "region": "Napa Valley", "city": "Rutherford"},
  {"name": "Jarvis Vineyards", "address": "2970 Monticello Rd., Napa, CA", "phone": "(707) 255-5280", "region": "Napa Valley", "city": "Napa"},
  {"name": "Joseph Phelps Vineyards", "address": "200 Taplin Rd., St. Helena, CA", "phone": "(707) 963-2745", "region": "Napa Valley", "city": "St. Helena"},
  {"name": "Karl Lawrence Cellars", "address": "4141 Manchester, Napa, CA", "phone": "(707) 255-2843", "region": "Napa Valley", "city": "Napa"},
  {"name": "Kate's Vineyard", "address": "5211 Big Ranch Rd., Napa, CA", "phone": "(707) 255-2644", "region": "Napa Valley", "city": "Napa"},
  {"name": "La Famiglia di Robert Mondavi", "address": "1595 Oakville Grade, Oakville, CA", "phone": "(707) 944-2811", "region": "Napa Valley", "city": "Oakville"},
  {"name": "Lamborn Family Vineyards", "address": "2075 Summit Lake Dr., Angwin, CA", "phone": "(707) 245-0511", "region": "Napa Valley", "city": "Angwin"},
  {"name": "Larkmead Vineyards", "address": "1145 Larkmead Ln., Calistoga, CA", "phone": "(707) 942-6605", "region": "Napa Valley", "city": "Calistoga"},
  {"name": "Livingston Wines", "address": "1895 Cabernet Ln., St. Helena, CA", "phone": "(707) 963-2120", "region": "Napa Valley", "city": "St. Helena"},
  {"name": "Long Meadow Ranch Winery", "address": "1775 Whitehall Ln., St. Helena, CA", "phone": "(707) 963-4555", "region": "Napa Valley", "city": "St. Helena"},
  {"name": "Louis M. Martini Winery", "address": "St. Helena Hwy., St. Helena, CA", "phone": "(707) 963-2736", "region": "Napa Valley", "city": "St. Helena"},
  {"name": "Luna Vineyards", "address": "2921 Silverado Trail, Napa, CA", "phone": "(707) 255-5862", "region": "Napa Valley", "city": "Napa"},
  {"name": "Mario Perelli-Minetti Winery", "address": "1443 Silverado Trail, St. Helena, CA", "phone": "(707) 963-8762", "region": "Napa Valley", "city": "St. Helena"},
  {"name": "Markham Vineyards", "address": "2812 N. St. Helena Hwy., St. Helena, CA", "phone": "(707) 963-5292", "region": "Napa Valley", "city": "St. Helena"},
  {"name": "Mayacamas Vineyards", "address": "1155 Lokoya Rd., Napa, CA", "phone": "(707) 224-4030", "region": "Napa Valley", "city": "Napa"},
  {"name": "Merryvale Napa Valley", "address": "1000 Main, St. Helena, CA", "phone": "(707) 963-2225", "region": "Napa Valley", "city": "St. Helena"},
  {"name": "Milat Vineyards", "address": "1091 S. St. Helena Hwy., St. Helena, CA", "phone": "(707) 963-0758", "region": "Napa Valley", "city": "St. Helena"},
  {"name": "Monticello Vineyards", "address": "4242 Big Ranch Rd., Napa, CA", "phone": "(707) 253-2802", "region": "Napa Valley", "city": "Napa"},
  {"name": "Mont St. John Cellars", "address": "5400 Old Sonoma Rd., Napa, CA", "phone": "(707) 255-8864", "region": "Napa Valley", "city": "Napa"},
  {"name": "Moss Creek Winery", "address": "6015 Steele Canyon Rd., Napa, CA", "phone": "(707) 252-1295", "region": "Napa Valley", "city": "Napa"},
  {"name": "Mt. Veeder Winery", "address": "1999 Mt. Veeder Rd., Napa, CA", "phone": "(707) 224-4039", "region": "Napa Valley", "city": "Napa"},
  {"name": "Mumm Napa Valley", "address": "8445 Silverado Trail, Rutherford, CA", "phone": "(707) 942-3434", "region": "Napa Valley", "city": "Rutherford"},
  {"name": "Napa Cellars", "address": "7481 St. Helena Hwy., Yountville, CA", "phone": "(707) 944-2565", "region": "Napa Valley", "city": "Yountville"},
  {"name": "Napa Valley Port Cellars", "address": "736 California Blvd., Napa, CA", "phone": "(707) 257-7777", "region": "Napa Valley", "city": "Napa"},
  {"name": "Napa Wine Company", "address": "7840 St. Helena Highway, Oakville, CA", "phone": "(707) 944-8669", "region": "Napa Valley", "city": "Oakville"},
  {"name": "Newlan Vineyards & Winery", "address": "5225 Solano Ave., Napa, CA", "phone": "(707) 257-2399", "region": "Napa Valley", "city": "Napa"},
  {"name": "Newton Vineyard", "address": "2555 Madrona Ave., St. Helena, CA", "phone": "(707) 963-9000", "region": "Napa Valley", "city": "St. Helena"},
  {"name": "Nichelini Winery", "address": "2950 Sage Canyon Rd., St. Helena, CA", "phone": "(707) 963-0717", "region": "Napa Valley", "city": "St. Helena"},
  {"name": "Niebaum-Coppola Estate Winery", "address": "1991 St. Helena Highway, St. Helena, CA", "phone": "(707) 968-1100", "region": "Napa Valley", "city": "St. Helena"},
  {"name": "Oakford Vineyards", "address": "1575 Oakville Grade, Oakville, CA", "phone": "(707) 945-0445", "region": "Napa Valley", "city": "Oakville"},
  {"name": "Oakville Ranch Vineyards & Winery", "address": "7850 Silverado Trail, Napa, CA", "phone": "(707) 944-9500", "region": "Napa Valley", "city": "Napa"},
  {"name": "Oliver Caldwell Cellars", "address": "3480 St. Helena Hwy., St. Helena, CA", "phone": "(707) 963-2037", "region": "Napa Valley", "city": "St. Helena"},
  {"name": "Opus One Winery", "address": "7900 St. Helena Hwy, Oakville, CA", "phone": "(707) 944-9442", "region": "Napa Valley", "city": "Oakville"},
  {"name": "Pahlmeyer Winery", "address": "101 S. Coombs, Napa, CA", "phone": "(707) 255-2321", "region": "Napa Valley", "city": "Napa"},
  {"name": "Paradigm Winery", "address": "1295 Dwyer Rd., Oakville, CA", "phone": "(800) 944-1683", "region": "Napa Valley", "city": "Oakville"},
  {"name": "Peju Province Winery", "address": "8466 St. Helena Hwy., Rutherford, CA", "phone": "(707) 963-3600", "region": "Napa Valley", "city": "Rutherford"},
  {"name": "Phoenix Vineyards", "address": "3175 Dry Creek Rd., Napa, CA", "phone": "(707) 255-1971", "region": "Napa Valley", "city": "Napa"},
  {"name": "Pine Ridge Winery", "address": "5901 Silverado Trail, Napa, CA", "phone": "(707) 253-7500", "region": "Napa Valley", "city": "Napa"},
  {"name": "Plam Vineyards", "address": "6200 Washington St, Yountville, CA", "phone": "(707) 944-1102", "region": "Napa Valley", "city": "Yountville"},
  {"name": "Poppy Hill Cellars", "address": "5400 Old Sonoma Rd., Napa, CA", "phone": "(707) 257-2775", "region": "Napa Valley", "city": "Napa"},
  {"name": "Prager Winery & Port Works", "address": "1281 Lewelling Ave., St. Helena, CA", "phone": "(707) 963-7678", "region": "Napa Valley", "city": "St. Helena"},
  {"name": "Pride Mountain Vineyards", "address": "4026 Spring Mountain Rd., St. Helena, CA", "phone": "(707) 963-4949", "region": "Napa Valley", "city": "St. Helena"},
  {"name": "Quail Ridge Cellars & Vineyards", "address": "1155 Mee Ln., St. Helena, CA", "phone": "", "region": "Napa Valley", "city": "St. Helena"},
  {"name": "Raymond Vineyard & Cellar", "address": "849 Zinfandel Ln., St. Helena, CA", "phone": "", "region": "Napa Valley", "city": "St. Helena"},
  {"name": "Regusci Winery", "address": "5584 Silverado Trail, Napa, CA", "phone": "", "region": "Napa Valley", "city": "Napa"},
  {"name": "Reverie Vineyard & Winery", "address": "1520 Diamond Mtn. Rd., Calistoga, CA", "phone": "", "region": "Napa Valley", "city": "Calistoga"},
  {"name": "Ritchie Creek Vineyard", "address": "4024 Spring Mountain Rd., St. Helena, CA", "phone": "", "region": "Napa Valley", "city": "St. Helena"},
  {"name": "Robert Keenan Winery", "address": "3660 Spring Mountain Rd., St. Helena, CA", "phone": "", "region": "Napa Valley", "city": "St. Helena"},
  {"name": "Robert Mondavi Winery", "address": "7801 St. Helena Hwy., Oakville, CA", "phone": "", "region": "Napa Valley", "city": "Oakville"},
  {"name": "Robert Sinskey Vineyards", "address": "6320 Silverado Trail, Napa, CA", "phone": "", "region": "Napa Valley", "city": "Napa"},
  {"name": "Rocking Horse Winery", "address": "1430 1st St., Napa, CA", "phone": "", "region": "Napa Valley", "city": "Napa"},
  {"name": "Rombauer Vineyards", "address": "3522 Silverado Trail North, St. Helena, CA", "phone": "", "region": "Napa Valley", "city": "St. Helena"},
  {"name": "Round Hill Vineyards", "address": "1680 Silverado, St. Helena, CA", "phone": "", "region": "Napa Valley", "city": "St. Helena"},
  {"name": "Rustridge Winery", "address": "2910 Lower Chiles Valley Rd., St. Helena, CA", "phone": "", "region": "Napa Valley", "city": "St. Helena"},
  {"name": "Rutherford Grove Winery", "address": "1673 St. Helena Highway, St. Helena, CA", "phone": "", "region": "Napa Valley", "city": "St. Helena"},
  {"name": "Rutherford Hill Winery", "address": "200 Rutherford Hill Rd., Rutherford, CA", "phone": "", "region": "Napa Valley", "city": "Rutherford"},
  {"name": "St. Clement Vineyards", "address": "2867 N. St. Helena Hwy., St. Helena, CA", "phone": "", "region": "Napa Valley", "city": "St. Helena"},
  {"name": "St. Supéry Vineyards & Winery", "address": "8440 St. Helena Hwy., Rutherford, CA", "phone": "", "region": "Napa Valley", "city": "Rutherford"},
  {"name": "Schramsberg", "address": "1400 Schramsberg Rd., Calistoga, CA", "phone": "", "region": "Napa Valley", "city": "Calistoga"},
  {"name": "Schweiger Vineyards", "address": "4015 Spring Mountain Rd., St. Helena, CA", "phone": "", "region": "Napa Valley", "city": "St. Helena"},
  {"name": "Seavey Vineyard", "address": "1310 Conn Valley Rd., St. Helena, CA", "phone": "", "region": "Napa Valley", "city": "St. Helena"},
  {"name": "Shafer Vineyards", "address": "6154 Silverado Trail, Napa, CA", "phone": "", "region": "Napa Valley", "city": "Napa"},
  {"name": "Signorello Vineyards", "address": "4500 Silverado Trail, Napa, CA", "phone": "", "region": "Napa Valley", "city": "Napa"},
  {"name": "Silverado Hills Cellars", "address": "3103 Silverado Trail, Napa, CA", "phone": "", "region": "Napa Valley", "city": "Napa"},
  {"name": "Silverado Vineyards", "address": "6121 Silverado Trail, Napa, CA", "phone": "", "region": "Napa Valley", "city": "Napa"},
  {"name": "Silver Oak Cellars", "address": "915 Oakville Cross Rd., Oakville, CA", "phone": "", "region": "Napa Valley", "city": "Oakville"},
  {"name": "Smith-Madrone Vineyards", "address": "4022 Spring Mountain Rd., St. Helena, CA", "phone": "", "region": "Napa Valley", "city": "St. Helena"},
  {"name": "Spottswoode Winery", "address": "1902 Madrona Ave., St. Helena, CA", "phone": "", "region": "Napa Valley", "city": "St. Helena"},
  {"name": "Spring Mountain Vineyard", "address": "2805 Spring Mountain Rd., St. Helena, CA", "phone": "", "region": "Napa Valley", "city": "St. Helena"},
  {"name": "Staglin Family Vineyard", "address": "P.O. Box 680, Rutherford, CA", "phone": "", "region": "Napa Valley", "city": "Rutherford"},
  {"name": "Stag's Leap Wine Cellars", "address": "5766 Silverado Trail, Napa, CA", "phone": "", "region": "Napa Valley", "city": "Napa"},
  {"name": "Stag's Leap Winery", "address": "6150 Silverado Trail, Napa, CA", "phone": "", "region": "Napa Valley", "city": "Napa"},
  {"name": "Star Hill Winery", "address": "1075 Shadybrook Ln., Napa, CA", "phone": "", "region": "Napa Valley", "city": "Napa"},
  {"name": "Steltzner Vineyards", "address": "5998 Silverado Trail, Napa, CA", "phone": "", "region": "Napa Valley", "city": "Napa"},
  {"name": "Sterling Vineyards", "address": "1111 Dunaweal Ln., Calistoga, CA", "phone": "", "region": "Napa Valley", "city": "Calistoga"},
  {"name": "Storybook Mountain Vineyards", "address": "3835 Hwy. 128, Calistoga, CA", "phone": "", "region": "Napa Valley", "city": "Calistoga"},
  {"name": "Sullivan Vineyards Winery", "address": "1090 Galleron Road, Rutherford, CA", "phone": "", "region": "Napa Valley", "city": "Rutherford"},
  {"name": "Summit Lake Vineyards", "address": "2000 Summit Lake Dr., Angwin, CA", "phone": "", "region": "Napa Valley", "city": "Angwin"},
  {"name": "Sutter Home Winery", "address": "277 S. St. Helena Hwy., St. Helena, CA", "phone": "", "region": "Napa Valley", "city": "St. Helena"},
  {"name": "Swanson Winery", "address": "1271 Manley Ln., Rutherford, CA", "phone": "", "region": "Napa Valley", "city": "Rutherford"},
  {"name": "Trefethen Vineyards", "address": "1160 Oak Knoll Ave., Napa, CA", "phone": "", "region": "Napa Valley", "city": "Napa"},
  {"name": "Truchard Vineyards", "address": "3234 Old Sonoma Rd., Napa, CA", "phone": "", "region": "Napa Valley", "city": "Napa"},
  {"name": "Tudal Winery", "address": "1015 Big Tree Rd., St. Helena, CA", "phone": "", "region": "Napa Valley", "city": "St. Helena"},
  {"name": "Tulocay Winery", "address": "1426 Combsville Rd., Napa, CA", "phone": "", "region": "Napa Valley", "city": "Napa"},
  {"name": "Turley Wine Cellars", "address": "3358 St. Helena Hwy., St. Helena, CA", "phone": "", "region": "Napa Valley", "city": "St. Helena"},
  {"name": "Turnbull Wine Cellars", "address": "8210 St. Helena Hwy., Oakville, CA", "phone": "", "region": "Napa Valley", "city": "Oakville"},
  {"name": "V. Sattui Winery", "address": "S. St. Helena Hwy., St. Helena, CA", "phone": "", "region": "Napa Valley", "city": "St. Helena"},
  {"name": "Van der Heyden Vineyards & Winery", "address": "4057 Silverado Trail, Napa, CA", "phone": "", "region": "Napa Valley", "city": "Napa"},
  {"name": "Venge Vineyard & Winery", "address": "7802 Money Rd., Oakville, CA", "phone": "", "region": "Napa Valley", "city": "Oakville"},
  {"name": "Viader Vineyards", "address": "1120 Deer Park Rd., Deer Park, CA", "phone": "", "region": "Napa Valley", "city": "Deer Park"},
  {"name": "Vichon Winery", "address": "Oakville, CA", "phone": "", "region": "Napa Valley", "city": "Oakville"},
  {"name": "Vigil Vineyard", "address": "3340 Hwy. 128, Calistoga, CA", "phone": "", "region": "Napa Valley", "city": "Calistoga"},
  {"name": "Villa Andriana Winery", "address": "1171 Tubbs Ln., Calistoga, CA", "phone": "", "region": "Napa Valley", "city": "Calistoga"},
  {"name": "Villa Helena Winery", "address": "1455 Inglewood Ave., St. Helena, CA", "phone": "", "region": "Napa Valley", "city": "St. Helena"},
  {"name": "Villa Mt. Eden", "address": "8711 Silverado Trail, St. Helena, CA", "phone": "", "region": "Napa Valley", "city": "St. Helena"},
  {"name": "Vine Cliff Winery", "address": "7400 Silverado Trail, Yountville, CA", "phone": "", "region": "Napa Valley", "city": "Yountville"},
  {"name": "Vineyard 29", "address": "2929 N. Hwy. 29, St. Helena, CA", "phone": "", "region": "Napa Valley", "city": "St. Helena"},
  {"name": "Von Strasser Winery", "address": "1510 Diamond Mountain Rd., Calistoga, CA", "phone": "", "region": "Napa Valley", "city": "Calistoga"},
  {"name": "Wermuth Winery", "address": "3942 Silverado Trail, Calistoga, CA", "phone": "", "region": "Napa Valley", "city": "Calistoga"},
  {"name": "Whitehall Lane Winery", "address": "1563 S. St. Helena Hwy., St. Helena, CA", "phone": "", "region": "Napa Valley", "city": "St. Helena"},
  {"name": "William Hill Winery", "address": "1761 Atlas Peak Rd., Napa, CA", "phone": "", "region": "Napa Valley", "city": "Napa"},
  {"name": "Woltner Estates LTD.", "address": "150 White Cottage Rd. South, Angwin, CA", "phone": "", "region": "Napa Valley", "city": "Angwin"},
  {"name": "Yverdon Vineyards", "address": "3787 Spring Mountain Rd., St. Helena, CA", "phone": "", "region": "Napa Valley", "city": "St. Helena"},
  {"name": "ZD Wines", "address": "8383 Silverado Trail, St. Helena, CA", "phone": "", "region": "Napa Valley", "city": "St. Helena"}
]






